{
    "HR": {
        "timestamp": [
            0.6999995708465576,
            1.6999990940093995,
            2.6799991130828859,
            3.719998598098755,
            4.659997940063477,
            5.699997901916504,
            6.699997901916504,
            7.679997444152832,
            8.679997444152832,
            9.75999641418457,
            10.739995956420899,
            11.679996490478516,
            12.6799955368042,
            13.659995079040528,
            14.699994087219239,
            15.699994087219239,
            16.67999267578125,
            17.67999267578125,
            18.699993133544923,
            19.699993133544923,
            20.67999267578125,
            21.679990768432618,
            22.659990310668947,
            23.69999122619629,
            24.69999122619629,
            25.679990768432618,
            26.679988861083986,
            27.699989318847658,
            28.699989318847658,
            29.679988861083986,
            30.679988861083986,
            31.719989776611329,
            32.699989318847659,
            33.69998550415039,
            34.67998504638672,
            35.67998504638672,
            36.21998596191406,
            36.21998596191406,
            36.259986877441409,
            37.259986877441409,
            38.259986877441409,
            39.27998352050781,
            40.27998352050781,
            41.319984436035159,
            41.37998580932617,
            41.37998580932617,
            41.65998458862305,
            42.6199836730957,
            43.59998321533203,
            44.59998321533203
        ],
        "value": [
            70.0,
            69.0,
            69.0,
            69.0,
            68.0,
            68.0,
            68.0,
            68.0,
            68.0,
            68.0,
            68.0,
            68.0,
            68.0,
            68.0,
            67.0,
            67.0,
            67.0,
            67.0,
            67.0,
            67.0,
            68.0,
            68.0,
            68.0,
            68.0,
            68.0,
            69.0,
            69.0,
            70.0,
            70.0,
            70.0,
            70.0,
            70.0,
            70.0,
            69.0,
            69.0,
            69.0,
            69.0,
            70.0,
            69.0,
            70.0,
            70.0,
            69.0,
            70.0,
            70.0,
            70.0,
            71.0,
            71.0,
            71.0,
            71.0,
            72.0
        ],
        "text": [],
        "type": 1
    },
    "RRi": {
        "timestamp": [
            0.6999995708465576,
            1.6999990940093995,
            2.6799991130828859,
            3.719998598098755,
            4.659997940063477,
            4.659997940063477,
            5.699997901916504,
            6.699997901916504,
            7.679997444152832,
            8.679997444152832,
            9.75999641418457,
            10.739995956420899,
            11.679996490478516,
            12.6799955368042,
            12.6799955368042,
            13.659995079040528,
            14.699994087219239,
            15.699994087219239,
            16.67999267578125,
            17.67999267578125,
            18.699993133544923,
            19.699993133544923,
            20.67999267578125,
            20.67999267578125,
            21.679990768432618,
            22.659990310668947,
            23.69999122619629,
            24.69999122619629,
            25.679990768432618,
            25.679990768432618,
            26.679988861083986,
            27.699989318847658,
            28.699989318847658,
            29.679988861083986,
            30.679988861083986,
            31.719989776611329,
            32.699989318847659,
            32.699989318847659,
            33.69998550415039,
            34.67998504638672,
            35.67998504638672,
            36.21998596191406,
            36.21998596191406,
            36.259986877441409,
            36.259986877441409,
            37.259986877441409,
            38.259986877441409,
            39.27998352050781,
            40.27998352050781,
            40.27998352050781,
            41.319984436035159,
            41.37998580932617,
            41.37998580932617,
            41.65998458862305,
            42.6199836730957,
            42.6199836730957,
            43.59998321533203,
            44.59998321533203
        ],
        "value": [
            913.0859375,
            945.3125,
            886.71875,
            907.2265625,
            928.7109375,
            889.6484375,
            898.4375,
            914.0625,
            893.5546875,
            853.515625,
            882.8125,
            912.109375,
            897.4609375,
            880.859375,
            906.25,
            922.8515625,
            882.8125,
            908.203125,
            909.1796875,
            880.859375,
            843.75,
            871.09375,
            901.3671875,
            875.9765625,
            880.859375,
            889.6484375,
            835.9375,
            811.5234375,
            824.21875,
            833.0078125,
            813.4765625,
            832.03125,
            857.421875,
            846.6796875,
            864.2578125,
            897.4609375,
            898.4375,
            865.234375,
            866.2109375,
            868.1640625,
            849.609375,
            851.5625,
            881.8359375,
            860.3515625,
            849.609375,
            876.953125,
            866.2109375,
            833.984375,
            836.9140625,
            833.984375,
            798.828125,
            823.2421875,
            853.515625,
            822.265625,
            808.59375,
            804.6875,
            788.0859375,
            826.171875
        ],
        "text": [],
        "type": 2
    },
    "RMSSD": {
        "timestamp": [
            0.6999995708465576,
            1.6999990940093995,
            2.6799991130828859,
            3.719998598098755,
            4.659997940063477,
            4.659997940063477,
            5.699997901916504,
            6.699997901916504,
            7.679997444152832,
            8.679997444152832,
            9.75999641418457,
            10.739995956420899,
            11.679996490478516,
            12.6799955368042,
            12.6799955368042,
            13.659995079040528,
            14.699994087219239,
            15.699994087219239,
            16.67999267578125,
            17.67999267578125,
            18.699993133544923,
            19.699993133544923,
            20.67999267578125,
            20.67999267578125,
            21.679990768432618,
            22.659990310668947,
            23.69999122619629,
            24.69999122619629,
            25.679990768432618,
            25.679990768432618,
            26.679988861083986,
            27.699989318847658,
            28.699989318847658,
            29.679988861083986,
            30.679988861083986,
            31.719989776611329,
            32.699989318847659,
            32.699989318847659,
            33.69998550415039,
            34.67998504638672,
            35.67998504638672,
            36.21998596191406,
            36.21998596191406,
            36.259986877441409,
            36.259986877441409,
            37.259986877441409,
            38.259986877441409,
            39.27998352050781,
            40.27998352050781,
            40.27998352050781,
            41.319984436035159,
            41.37998580932617,
            41.37998580932617,
            41.65998458862305,
            42.6199836730957,
            42.6199836730957,
            43.59998321533203,
            44.59998321533203
        ],