{
    "HR": {
        "timestamp": [
            0.9399995803833008,
            1.9399993419647217,
            2.91999888420105,
            3.9999983310699465,
            4.939998626708984,
            5.939997673034668,
            6.9199981689453129,
            7.919997215270996,
            8.99999713897705,
            9.939996719360352,
            10.939996719360352,
            11.91999626159668,
            12.919995307922364,
            13.939994812011719,
            14.939994812011719,
            15.919994354248047,
            16.919994354248048,
            17.959993362426759,
            18.939992904663087,
            19.939992904663087,
            20.939992904663087,
            21.919992446899415,
            22.959991455078126,
            23.939990997314454,
            24.979991912841798,
            25.91999053955078,
            26.959991455078126,
            27.939990997314454,
            28.93998908996582,
            29.91999053955078,
            30.91999053955078,
            31.95998764038086,
            32.93998718261719,
            33.919986724853519,
            34.919986724853519,
            35.95998764038086,
            36.93998718261719,
            37.93998718261719,
            38.919986724853519,
            39.919986724853519,
            40.93998718261719,
            41.93998718261719,
            42.919986724853519,
            43.91998291015625,
            44.959983825683597,
            45.99998474121094,
            46.979984283447269,
            47.959983825683597,
            48.91998291015625,
            49.93998336791992,
            50.97998046875,
            51.91998291015625,
            52.91998291015625,
            53.95998001098633,
            54.939979553222659,
            55.939979553222659,
            56.939979553222659,
            57.919979095458987,
            58.939979553222659,
            59.939979553222659,
            60.919979095458987
        ],
        "value": [
            74.0,
            74.0,
            74.0,
            74.0,
            73.0,
            73.0,
            72.0,
            72.0,
            71.0,
            71.0,
            71.0,
            71.0,
            71.0,
            71.0,
            71.0,
            70.0,
            69.0,
            69.0,
            70.0,
            71.0,
            71.0,
            72.0,
            73.0,
            74.0,
            75.0,
            75.0,
            74.0,
            74.0,
            74.0,
            75.0,
            76.0,
            78.0,
            84.0,
            85.0,
            89.0,
            92.0,
            93.0,
            96.0,
            99.0,
            101.0,
            102.0,
            103.0,
            104.0,
            103.0,
            103.0,
            104.0,
            104.0,
            103.0,
            102.0,
            99.0,
            98.0,
            96.0,
            90.0,
            86.0,
            84.0,
            83.0,
            81.0,
            80.0,
            81.0,
            81.0,
            80.0
        ],
        "text": [],
        "type": 1
    },
    "RRi": {
        "timestamp": [
            0.9399995803833008,
            1.9399993419647217,
            2.91999888420105,
            3.9999983310699465,
            3.9999983310699465,
            4.939998626708984,
            5.939997673034668,
            6.9199981689453129,
            7.919997215270996,
            8.99999713897705,
            9.939996719360352,
            9.939996719360352,
            10.939996719360352,
            11.91999626159668,
            12.919995307922364,
            13.939994812011719,
            14.939994812011719,
            15.919994354248047,
            16.919994354248048,
            16.919994354248048,
            17.959993362426759,
            18.939992904663087,
            19.939992904663087,
            19.939992904663087,
            20.939992904663087,
            21.919992446899415,
            22.959991455078126,
            23.939990997314454,
            23.939990997314454,
            24.979991912841798,
            25.91999053955078,
            26.959991455078126,
            27.939990997314454,
            27.939990997314454,
            28.93998908996582,
            29.91999053955078,
            29.91999053955078,
            30.91999053955078,
            31.95998764038086,
            31.95998764038086,
            32.93998718261719,
            32.93998718261719,
            33.919986724853519,
            34.919986724853519,
            34.919986724853519,
            35.95998764038086,
            35.95998764038086,
            36.93998718261719,
            37.93998718261719,
            37.93998718261719,
            38.919986724853519,
            38.919986724853519,
            39.919986724853519,
            39.919986724853519,
            40.93998718261719,
            41.93998718261719,
            41.93998718261719,
            42.919986724853519,
            42.919986724853519,
            43.91998291015625,
            43.91998291015625,
            44.959983825683597,
            45.99998474121094,
            45.99998474121094,
            46.979984283447269,
            46.979984283447269,
            47.959983825683597,
            48.91998291015625,
            49.93998336791992,
            49.93998336791992,
            50.97998046875,
            51.91998291015625,
            52.91998291015625,
            53.95998001098633,
            53.95998001098633,
            54.939979553222659,
            55.939979553222659,
            56.939979553222659,
            56.939979553222659,
            57.919979095458987,
            58.939979553222659,
            59.939979553222659,
            59.939979553222659,
            60.919979095458987
        ],
        "value": [
            815.4296875,
            800.78125,
            828.125,
            858.3984375,
            900.390625,
            871.09375,
            885.7421875,
            888.671875,
            858.3984375,
            850.5859375,
            855.46875,
            842.7734375,
            813.4765625,
            833.0078125,
            883.7890625,
            906.25,
            890.625,
            928.7109375,
            951.171875,
            852.5390625,
            793.9453125,
            786.1328125,
            785.15625,
            804.6875,
            761.71875,
            715.8203125,
            748.046875,
            752.9296875,
            792.96875,
            835.9375,
            847.65625,
            844.7265625,
            829.1015625,
            796.875,
            768.5546875,
            716.796875,
            695.3125,
            674.8046875,
            650.390625,
            630.859375,
            626.953125,
            620.1171875,
            603.515625,
            599.609375,
            598.6328125,
            589.84375,
            591.796875,
            590.8203125,
            578.125,
            583.0078125,
            574.21875,
            567.3828125,
            566.40625,
            565.4296875,
            565.4296875,
            571.2890625,
            576.171875,
            581.0546875,
            600.5859375,
            575.1953125,
            578.125,
            575.1953125,
            574.21875,
            572.265625,
            587.890625,
            619.140625,
            621.09375,
            631.8359375,
            630.859375,
            671.875,
            711.9140625,
            772.4609375,
            784.1796875,
            839.84375,
            854.4921875,
            839.84375,
            836.9140625,
            787.109375,
            742.1875,
            731.4453125,
            744.140625,
            757.8125,
            769.53125,
            769.53125
        ],
        "text": [],
        "type": 2
    },