{
    "HR": {
        "timestamp": [
            0.6199989318847656,
            1.6399993896484376,
            2.6399993896484377,
            3.6199989318847658,
            4.6999969482421879,
            5.659996032714844,
            6.639995574951172,
            7.639995574951172,
            8.6199951171875,
            9.6199951171875
        ],
        "value": [
            64.0,
            64.0,
            64.0,
            64.0,
            63.0,
            63.0,
            63.0,
            63.0,
            63.0,
            63.0
        ],
        "text": [],
        "type": 1
    },
    "RRi": {
        "timestamp": [
            0.6199989318847656,
            1.6399993896484376,
            2.6399993896484377,
            3.6199989318847658,
            4.6999969482421879,
            5.659996032714844,
            6.639995574951172,
            7.639995574951172,
            8.6199951171875,
            8.6199951171875,
            9.6199951171875
        ],
        "value": [
            906.25,
            954.1015625,
            998.046875,
            977.5390625,
            935.546875,
            980.46875,
            1000.9765625,
            949.21875,
            966.796875,
            1010.7421875,
            976.5625
        ],
        "text": [],
        "type": 2
    },
    "RMSSD": {
        "timestamp": [
            0.6199989318847656,
            1.6399993896484376,
            2.6399993896484377,
            3.6199989318847658,
            4.6999969482421879,
            5.659996032714844,
            6.639995574951172,
            7.639995574951172,
            8.6199951171875,
            8.6199951171875,
            9.6199951171875
        ],
        "value": [
            39.104522705078128,
            39.104522705078128,
            37.47732925415039,
            37.47732925415039,
            37.47732925415039,
            37.47732925415039,
            37.47732925415039,
            37.47732925415039,
            37.47732925415039,
            37.47732925415039,
            37.47732925415039
        ],
        "text": [],
        "type": 5
    },
    "SDNN": {
        "timestamp": [
            9.6199951171875
        ],
        "value": [
            30.89396858215332
        ],
        "text": [],
        "type": 6
    },
    "EOM": {
        "timestamp": [
            0.6199989318847656,
            1.6399993896484376,
            2.6399993896484377,
            3.6199989318847658,
            4.6999969482421879,
            5.659996032714844,
            6.639995574951172,
            7.639995574951172,
            8.6199951171875,
            8.6199951171875,
            9.6199951171875
        ],
        "value": [
            0.5000097751617432,
            0.3537282347679138,
            0.42064470052719118,
            0.5320146679878235,
            0.7757464051246643,
            0.5133485794067383,
            0.40914416313171389,
            0.713837742805481,
            0.6038771867752075,
            0.37915825843811037,
            0.5383700132369995
        ],
        "text": [],
        "type": 7
    },
    "automaticMarkers": {
        "timestamp": [],
        "value": [],
        "text": [],
        "type": 8
    },
    "manualMarkers": {
        "timestamp": [
            0.0,
            10.059993743896485
        ],
        "value": [],
        "text": [
            "ExperimentStarted",
            "ExperimentalStageStarted:0"
        ],
        "type": 9
    },
    "screenshots": {
        "timestamp": [
            0.0,
            10.059993743896485
        ],
        "value": [],
        "text": [
            "screen_1920x1080_0.jpg",
            "screen_1920x1080_1.jpg"
        ],
        "type": 10
    },
    "headset_posX": {
        "timestamp": [],
        "value": [],
        "text": [],
        "type": 12
    },
    "headset_posY": {
        "timestamp": [],
        "value": [],
        "text": [],
        "type": 13
    },
    "headset_posZ": {
        "timestamp": [],
        "value": [],
        "text": [],
        "type": 14
    },
    "headset_q0": {
        "timestamp": [],
        "value": [],
        "text": [],
        "type": 15
    },
    "headset_qi": {
        "timestamp": [],
        "value": [],
        "text": [],
        "type": 16
    },
    "headset_qj": {
        "timestamp": [],
        "value": [],
        "text": [],
        "type": 17
    },
    "headset_qk": {
        "timestamp": [],
        "value": [],
        "text": [],
        "type": 18
    },
    "headset_yaw": {
        "timestamp": [],
        "value": [],
        "text": [],
        "type": 20
    },
    "headset_pitch": {
        "timestamp": [],
        "value": [],
        "text": [],
        "type": 19
    },
    "headset_roll": {
        "timestamp": [],
        "value": [],
        "text": [],
        "type": 21
    },
    "headset_velPosX": {
        "timestamp": [],
        "value": [],
        "text": [],
        "type": 23
    },
    "headset_velPosY": {
        "timestamp": [],
        "value": [],
        "text": [],
        "type": 25
    },
    "headset_velPosZ": {
        "timestamp": [],
        "value": [],
        "text": [],
        "type": 27
    },
    "headset_accPosX": {
        "timestamp": [],
        "value": [],
        "text": [],
        "type": 24
    },
    "headset_accPosY": {
        "timestamp": [],
        "value": [],
        "text": [],
        "type": 26
    },
    "headset_accPosZ": {
        "timestamp": [],
        "value": [],
        "text": [],
        "type": 28
    },
    "headset_velQuat0": {
        "timestamp": [],
        "value": [],
        "text": [],
        "type": 29
    },
    "headset_velQuati": {
        "timestamp": [],
        "value": [],
        "text": [],
        "type": 30
    },
    "headset_velQuatj": {
        "timestamp": [],
        "value": [],
        "text": [],
        "type": 31
    },
    "headset_velQuatk": {
        "timestamp": [],
        "value": [],
        "text": [],
        "type": 32
    },
    "headset_accQuat0": {
        "timestamp": [],
        "value": [],
        "text": [],
        "type": 33
    },
    "headset_accQuati": {
        "timestamp": [],
        "value": [],
        "text": [],
        "type": 34
    },
    "headset_accQuatj": {
        "timestamp": [],
        "value": [],
        "text": [],
        "type": 35
    },
    "headset_accQuatk": {
        "timestamp": [],
        "value": [],
        "text": [],
        "type": 36
    },
    "headset_velEuleri": {
        "timestamp": [],
        "value": [],
        "text": [],
        "type": 37
    },
    "headset_velEulerj": {
        "timestamp": [],
        "value": [],
        "text": [],
        "type": 38
    },
    "headset_velEulerk": {
        "timestamp": [],
        "value": [],
        "text": [],
        "type": 39
    },
    "headset_accEuleri": {
        "timestamp": [],
        "value": [],
        "text": [],
        "type": 40
    },
    "headset_accEulerj": {
        "timestamp": [],
        "value": [],
        "text": [],
        "type": 41
    },
    "headset_accEulerk": {
        "timestamp": [],
        "value": [],
        "text": [],
        "type": 42
    }
}