{
    "HR": {
        "timestamp": [
            13.01999568939209,
            14.01999568939209,
            15.019993782043457,
            16.019994735717775,
            17.019994735717775,
            18.019994735717775,
            19.019994735717775,
            20.039993286132814,
            21.039993286132814,
            22.039993286132814,
            23.039993286132814,
            24.03999137878418,
            25.03999137878418,
            26.03999137878418,
            27.03999137878418,
            28.03999137878418,
            29.03999137878418,
            30.039989471435548,
            31.039989471435548,
            32.03998947143555,
            33.05998992919922,
            34.05998992919922,
            35.05998992919922,
            36.05998611450195,
            37.05998611450195,
            38.05998611450195,
            39.05998611450195,
            40.05998611450195,
            41.05998611450195,
            42.05998611450195,
            43.05998611450195,
            44.05998611450195,
            45.05998611450195,
            46.05998611450195,
            47.05998229980469,
            48.05998229980469,
            49.05998229980469,
            50.05998229980469,
            51.05998229980469,
            52.05998229980469,
            53.07998275756836,
            54.07998275756836,
            55.07998275756836
        ],
        "value": [
            70.0,
            71.0,
            71.0,
            70.0,
            70.0,
            70.0,
            71.0,
            70.0,
            70.0,
            70.0,
            70.0,
            71.0,
            71.0,
            71.0,
            71.0,
            71.0,
            72.0,
            72.0,
            71.0,
            71.0,
            72.0,
            72.0,
            72.0,
            72.0,
            72.0,
            72.0,
            73.0,
            72.0,
            72.0,
            73.0,
            73.0,
            72.0,
            71.0,
            71.0,
            72.0,
            72.0,
            73.0,
            73.0,
            73.0,
            72.0,
            72.0,
            72.0,
            72.0
        ],
        "text": [],
        "type": 1
    },
    "RRi": {
        "timestamp": [
            13.01999568939209,
            14.01999568939209,
            15.019993782043457,
            16.019994735717775,
            17.019994735717775,
            18.019994735717775,
            19.019994735717775,
            20.039993286132814,
            21.039993286132814,
            22.039993286132814,
            23.039993286132814,
            24.03999137878418,
            25.03999137878418,
            26.03999137878418,
            27.03999137878418,
            28.03999137878418,
            29.03999137878418,
            30.039989471435548,
            31.039989471435548,
            32.03998947143555,
            33.05998992919922,
            34.05998992919922,
            35.05998992919922,
            36.05998611450195,
            37.05998611450195,
            38.05998611450195,
            39.05998611450195,
            40.05998611450195,
            41.05998611450195,
            42.05998611450195,
            43.05998611450195,
            44.05998611450195,
            45.05998611450195,
            46.05998611450195,
            47.05998229980469,
            48.05998229980469,
            49.05998229980469,
            50.05998229980469,
            51.05998229980469,
            52.05998229980469,
            53.07998275756836,
            54.07998275756836,
            55.07998275756836
        ],
        "value": [
            794.5776977539063,
            774.3689575195313,
            778.5943603515625,
            787.9508666992188,
            785.1290893554688,
            788.8367919921875,
            773.69873046875,
            776.85546875,
            775.6851196289063,
            772.2036743164063,
            772.9616088867188,
            762.9365844726563,
            772.2952270507813,
            764.426513671875,
            763.215087890625,
            758.8777465820313,
            741.14990234375,
            748.1165771484375,
            751.6340942382813,
            752.474609375,
            747.8807983398438,
            740.1414794921875,
            735.169189453125,
            732.7444458007813,
            732.4806518554688,
            735.681640625,
            726.1207885742188,
            734.3296508789063,
            739.1434936523438,
            726.2105712890625,
            730.3641967773438,
            737.2598876953125,
            746.9552612304688,
            749.5614624023438,
            734.0798950195313,
            729.4337768554688,
            727.4517822265625,
            726.8030395507813,
            720.680419921875,
            736.2430419921875,
            734.8754272460938,
            737.5206298828125,
            740.9945678710938
        ],
        "text": [],
        "type": 2
    },
    "RMSSD": {
        "timestamp": [
            13.01999568939209,
            14.01999568939209,
            15.019993782043457,
            16.019994735717775,
            17.019994735717775,
            18.019994735717775,
            19.019994735717775,
            20.039993286132814,
            21.039993286132814,
            22.039993286132814,
            23.039993286132814,
            24.03999137878418,
            25.03999137878418,
            26.03999137878418,
            27.03999137878418,
            28.03999137878418,
            29.03999137878418,
            30.039989471435548,
            31.039989471435548,
            32.03998947143555,
            33.05998992919922,
            34.05998992919922,
            35.05998992919922,
            36.05998611450195,
            37.05998611450195,
            38.05998611450195,
            39.05998611450195,
            40.05998611450195,
            41.05998611450195,
            42.05998611450195,
            43.05998611450195,
            44.05998611450195,
            45.05998611450195,
            46.05998611450195,
            47.05998229980469,
            48.05998229980469,
            49.05998229980469,
            50.05998229980469,
            51.05998229980469,
            52.05998229980469,
            53.07998275756836,
            54.07998275756836,
            55.07998275756836
        ],
        "value": [
            9.357807159423829,
            9.357807159423829,
            6.500412464141846,
            7.172055244445801,
            7.172364711761475,
            7.578768253326416,
            7.488213539123535,
            5.718504905700684,
            8.15559196472168,
            8.470786094665528,
            8.472441673278809,
            8.473307609558106,
            7.935674667358398,
            7.739417552947998,
            7.467665672302246,
            7.500415802001953,
            7.3602776527404789,
            4.515812397003174,
            5.015624523162842,
            5.591867923736572,
            5.810790061950684,
            7.071420669555664,
            6.728054046630859,
            6.913973808288574,
            7.589087009429932,
            7.638142108917236,
            9.156075477600098,
            8.72213077545166,
            8.308115005493164,
            8.154553413391114,
            7.216468334197998,
            8.779010772705079,
            8.485013961791993,
            7.894835948944092,
            7.931875705718994,
            7.931875705718994,
            7.931875705718994,
            7.931875705718994,
            7.931875705718994,
            7.931875705718994,
            7.931875705718994,
            7.931875705718994,
            7.931875705718994
        ],
        "text": [],
        "type": 5
    },
    "SDNN": {
        "timestamp": [
            19.019994735717775,
            29.03999137878418,
            39.05998611450195,
            49.05998229980469
        ],